caminho	status	bytes	loader	meta_fb	one_click	vturb	visitor_api	fbq_avulso	ttq	assiny
/	200	80801	1	1	0	0	0	0	0	0
/crystal-ttk/	200	45054	1	1	0	1	0	0	0	0
/crystal-247-promocional-r-wpp/	200	40983	1	1	0	0	1	0	0	1
/crystal-247-promocional-r-r/	200	40966	1	1	0	0	1	0	0	1
/crystal-promocional-r-wpp/	200	40903	1	1	0	0	1	0	0	1
/crystal-promocional-r-r/	200	40886	1	1	0	0	1	0	0	1
/teste-server-gtm/	200	39285	1	1	0	1	0	0	0	0
/crystal-teste/	200	45028	1	1	0	1	0	0	0	0
/upsell-pegada-v3-397/	200	90058	1	1	1	1	0	0	0	1
/teste-v8/	200	43888	1	1	0	1	0	0	0	0
/crystal-v6-teste/	200	43960	1	1	0	1	0	0	0	0
/downsell-2-lion-dourado/	200	89149	1	1	1	1	0	0	0	1
/upsell-2-lion-dourado/	200	87310	1	1	1	1	0	0	0	1
/downsell-pegada-dourado/	200	140060	1	1	1	1	0	0	0	1
/upsell-dourado-pegada/	200	90053	1	1	1	1	0	0	0	1
/rmkt-v1/	200	155862	1	1	0	0	0	1	0	1
/lion-upsell-v3/	200	87051	1	1	1	1	0	0	0	1
/lion-downsell-v2/	200	88964	1	1	1	1	0	0	0	1
/teste-v1e2-lead13-14-15/	200	184647	1	1	0	1	0	0	0	1
/crystal-v1mais2-vertical/	200	183900	1	1	0	1	0	0	0	1
/v12-lead-16-17-18/	200	184497	1	1	0	1	0	0	0	1
/teste-v3-lead-13-14-15/	200	184602	1	1	0	1	0	0	0	1
/crystal-v3-sem-lead/	200	190772	1	1	0	1	0	0	0	1
/v3-teste-lead16-17-18/	200	184577	1	1	0	1	0	0	0	1
/teste/	200	138945	1	1	1	1	0	0	0	1
/lion-upsell-v2/	200	87787	1	1	0	0	0	0	0	0
/lion-downsell/	200	89638	1	1	0	0	0	0	0	0
/lion-upsell/	200	87696	1	1	0	0	0	0	0	0
/upsell-lion-crystal/	200	65426	1	1	1	1	0	0	0	1
/v5-lead21-22-23/	200	184729	1	1	0	1	0	0	0	1
/v3-lead19-20/	200	184914	1	1	0	1	0	0	0	1
/v1e2-lead19-20/	200	184984	1	1	0	1	0	0	0	1
/crystal-cartao-recusado/	200	139967	1	1	1	1	0	0	0	1
/v3-microlead00-sl-397/	200	191700	1	1	0	1	0	0	0	1
/downsell-pegada-v2-197/	200	139892	1	1	1	1	0	0	0	1
/downsell-pegada-v2-197-cartao/	200	140031	1	1	1	1	0	0	0	1
/upsell-pegada-v3-397-cartao/	200	90630	1	1	1	1	0	0	0	1
/v3-sl-cartao/	200	191141	1	1	0	1	0	0	0	1
/v1e2-teste-lead4-5-6/	200	185136	1	1	0	1	0	0	0	1
/crystaltestev2lead456/	200	179676	1	1	0	1	0	0	0	1
/v1e2-teste-lead1-2-3/	200	183510	1	1	0	1	0	0	0	1
/v3-lead3/	200	184804	1	1	0	1	0	0	0	1
/v3-lead2/	200	183076	1	1	0	1	0	0	0	1
/v3-lead1/	200	182788	1	1	0	1	0	0	0	1
/sample-page/	200	82292	1	1	0	0	0	0	0	0
